date,review
2026-07-20,"This product exceeded my expectations, the build quality is fantastic!"
2026-07-20,"Terrible experience, it broke after two days and support never replied."
2026-07-21,"It's fine. Does what it says, nothing more, nothing less."
2026-07-21,"Oh great, ANOTHER broken product. Just what I needed."
2026-07-22,"Fast shipping and the packaging was excellent, very happy with this purchase."
2026-07-22,"The application crashes frequently and lacks essential features."
2026-07-23,"Works as described, no complaints so far."
2026-07-23,"Absolutely love it, would buy again in a heartbeat!"
2026-07-24,"Customer service was unhelpful and the product stopped working within a week."
2026-07-24,"Average product, priced fairly, nothing that stands out either way."
